ID,City,Lat,Lng,Max Temp,Humidity,Cloudiness,Wind Speed,Country,Date
1,albany,42.6001,-73.9662,20.3,77,48,0.38,US,1722592873
2,vegreville,53.5001,-112.0518,15.17,96,84,3.6,CA,1722592905
3,thompson,55.7435,-97.8558,14.09,82,0,3.09,CA,1722592723
4,grytviken,-54.2811,-36.5092,-1.23,98,100,4.8,GS,1722592697
5,castro,-24.7911,-50.0119,10.29,98,16,2.52,BR,1722592909
6,kudahuvadhoo,2.6708,72.8944,28.7,71,98,2.3,MV,1722592910
7,kodiak,57.79,-152.4072,9.73,87,0,2.57,US,1722592715
8,pandan,14.0453,124.1694,28.5,76,37,1.11,PH,1722592912
9,demre,36.2537,29.9777,32.44,37,0,3.88,TR,1722592914
10,waitangi,-43.9535,-176.5597,8.23,83,43,5.36,NZ,1722592714
11,labrador city,52.9463,-66.9114,16.77,71,0,3.58,CA,1722592719
12,baro,8.6,6.4167,27.0,77,100,2.49,NG,1722592917
13,magog,45.2668,-72.1491,20.24,97,1,1.86,CA,1722592918
14,sinop,41.7711,34.8709,27.0,39,0,4.58,TR,1722592753
15,bethel,41.3712,-73.414,22.93,88,0,0.0,US,1722592770
16,blackmans bay,-43.0167,147.3167,9.74,67,86,4.68,AU,1722592708
17,torghay,49.6339,63.4981,31.74,22,7,7.74,KZ,1722592923
18,maffra,-37.9667,146.9833,6.22,79,69,1.62,AU,1722592924
19,kerikeri,-35.2268,173.9474,12.17,92,100,2.68,NZ,1722592926
20,daru,-9.0763,143.2092,24.64,88,64,8.93,PG,1722592869
21,stanley,54.868,-1.6985,22.38,66,0,3.6,GB,1722592874
22,isafjordur,66.0755,-23.124,7.02,87,100,8.23,IS,1722592764
23,whangarei,-35.7317,174.3239,11.48,92,100,4.52,NZ,1722592931
24,elhovo,42.1667,26.5667,33.97,30,0,1.54,BG,1722592932
25,adamstown,-25.066,-130.1015,20.64,82,100,7.75,PN,1722592664
26,santana,-0.0583,-51.1817,24.1,94,0,1.54,BR,1722592935
27,flying fish cove,-10.4217,105.6791,25.82,83,75,4.12,CX,1722592936
28,varzea alegre,-5.35,-40.3833,22.2,54,7,4.19,BR,1722592937
29,port-aux-francais,-49.35,70.2167,3.91,99,100,1.26,TF,1722592662
30,revda,56.801,59.9303,19.3,82,94,3.67,RU,1722592939
31,hotan,37.0997,79.9269,38.74,14,1,4.95,CN,1722592941
32,papatowai,-46.5619,169.4708,4.09,89,4,1.62,NZ,1722592792
33,beyneu,45.3167,55.2,33.4,20,0,7.47,KZ,1722592943
34,margate,51.3813,1.3862,24.37,75,6,0.89,GB,1722592944
35,brazzaville,-4.2658,15.2832,24.17,35,65,1.49,CG,1722592945
36,mossel bay,-34.1831,22.146,14.96,62,15,1.77,ZA,1722592845
37,hamilton,39.1834,-84.5333,22.81,95,100,2.57,US,1722592948
38,plopsoru,44.7833,23.35,35.91,14,19,2.26,RO,1722592949
39,springbok,-29.6643,17.8865,18.08,8,6,2.11,ZA,1722592950
40,fale old settlement,-9.3852,-171.2468,28.11,74,23,6.75,TK,1722592951
41,bilibino,68.0546,166.4372,6.19,58,21,0.6,RU,1722592953
42,tiksi,71.6872,128.8694,6.1,64,83,0.91,RU,1722592954
43,remire-montjoly,4.9167,-52.2667,24.02,100,0,1.03,GF,1722592955
44,diapaga,12.0708,1.7889,27.84,69,99,5.69,BF,1722592956
45,nar'yan-mar,67.6713,53.087,24.39,46,70,7.77,RU,1722592958
46,tura,25.5198,90.2201,24.17,97,100,2.59,IN,1722592787
47,weno,7.4515,151.8468,27.97,83,100,2.57,FM,1722592960
48,port elizabeth,-33.918,25.5701,18.39,63,0,5.66,ZA,1722592961
49,ribeira grande,38.5167,-28.7,25.43,88,20,3.58,PT,1722592962
50,port alfred,-33.5906,26.891,18.43,65,55,2.24,ZA,1722592964
51,gakem,6.7658,8.9881,27.51,73,97,3.73,NG,1722592965
52,bamboo flat,11.7,92.7167,29.05,84,100,5.14,IN,1722592966
53,yellowknife,62.456,-114.3525,10.79,79,75,1.54,CA,1722592781
54,kiunga,-6.1219,141.2906,23.12,98,100,1.61,PG,1722592968
55,hadibu,12.65,54.0333,27.11,68,100,12.63,YE,1722592970
56,enewetak,11.3474,162.3373,28.81,77,100,4.84,MH,1722592971
57,nuuk,64.1835,-51.7216,3.34,100,100,9.26,GL,1722592972
58,qaqortoq,60.7167,-46.0333,7.09,73,18,1.16,GL,1722592973
59,las lomitas,-24.7096,-60.593,27.35,31,0,6.65,AR,1722592974
60,port mathurin,-19.6833,63.4167,22.29,65,0,6.06,MU,1722592976
61,kone,-21.0595,164.8658,16.88,88,99,1.4,NC,1722592977
62,muang phonsavan,19.45,103.2167,18.53,100,100,0.99,LA,1722592978
63,sao joao da barra,-21.6403,-41.0511,17.05,75,41,3.33,BR,1722592979
64,santander,43.4647,-3.8044,20.89,86,75,3.09,ES,1722592981
65,zhezqazghan,47.7833,67.7667,36.32,13,40,2.0,KZ,1722592982
66,saint-philippe,-21.3585,55.7679,25.77,61,9,4.98,RE,1722592983
67,lerwick,60.1545,-1.1494,16.0,88,100,8.33,GB,1722592984
68,kayangel,8.0823,134.7173,29.11,76,100,6.32,PW,1722592985
69,west island,-12.1568,96.8225,27.99,74,75,8.23,CC,1722592987
70,alappuzha,9.49,76.3264,28.02,72,99,4.15,IN,1722592988
71,chonchi,-42.6128,-73.8092,9.56,96,84,2.37,CL,1722592989
72,ouadda,8.0777,22.4007,28.59,62,48,1.71,CF,1722592990
73,sitka,57.0531,-135.33,10.94,82,0,2.06,US,1722592991
74,carnarvon,-24.8667,113.6333,19.27,55,0,8.69,AU,1722592993
75,esmeraldas,-19.7625,-44.3139,17.48,87,0,2.03,BR,1722592994
76,al ghayzah,16.2079,52.176,29.53,70,89,7.76,YE,1722592995
77,magadan,59.5667,150.8,8.78,88,100,3.44,RU,1722592996
78,la'ie,21.6477,-157.9253,25.0,79,54,0.89,US,1722592998
79,ilulissat,69.2167,-51.1,7.01,81,0,0.0,GL,1722592999
80,kapa'a,22.0752,-159.319,24.99,78,40,3.6,US,1722593000
81,tazovsky,67.4667,78.7,18.98,74,71,5.21,RU,1722593001
82,susuman,62.7833,148.1667,5.42,71,100,3.78,RU,1722593003
83,mragowo,53.8644,21.3051,21.0,45,84,2.98,PL,1722593004
84,college,64.8569,-147.8028,11.15,88,100,4.63,US,1722593005
85,kaoma,-14.7833,24.8,27.57,17,2,4.16,ZM,1722593006
86,touros,-5.1989,-35.4608,22.41,81,15,5.16,BR,1722593009
87,bambanglipuro,-7.95,110.2833,26.15,81,64,4.08,ID,1722593010
88,vershino-darasunskiy,52.35,115.5167,22.19,22,79,0.77,RU,1722593011
89,olonkinbyen,70.9221,-8.7187,5.87,92,99,7.84,SJ,1722592732
90,al wajh,26.2455,36.4525,34.97,49,0,4.12,SA,1722593015
91,chikitigarh,19.2,84.6167,30.19,60,100,4.27,IN,1722593016
92,broken hill,-31.95,141.4333,11.85,38,4,3.15,AU,1722593017
93,wailua homesteads,22.0669,-159.378,24.24,78,40,3.6,US,1722593018
94,punta arenas,-53.15,-70.9167,4.06,87,100,5.66,CL,1722593020
95,colonia,50.9333,6.95,24.38,85,40,1.03,DE,1722593021
96,petropavlovsk-kamchatsky,53.0452,158.6483,18.33,68,20,2.0,RU,1722593022
97,nyurba,63.2842,118.3319,19.46,42,7,1.11,RU,1722593023
98,portland,45.5234,-122.6762,23.9,69,5,0.45,US,1722592445
99,smithers,54.7804,-127.1743,9.18,87,40,0.0,CA,1722593026
100,nova sintra,14.8667,-24.7167,24.54,76,63,6.47,CV,1722593027
101,palikir - national government center,6.9248,158.1611,25.41,94,20,2.06,FM,1722593029
102,mahina,-17.5065,-149.489,19.87,77,0,2.06,PF,1722593030
103,balsas,-7.5325,-46.0356,20.69,50,4,1.55,BR,1722593032
104,dalbandin,28.8947,64.4101,41.06,7,93,3.95,PK,1722593033
105,rikaze,29.25,88.8833,21.41,28,100,2.76,CN,1722593034
106,hithadhoo,-0.6,73.0833,28.92,73,79,5.07,MV,1722593035
107,pokhvistnevo,53.6524,52.1274,24.33,42,47,8.1,RU,1722593037
108,argo,37.6333,22.7333,29.32,18,0,1.96,GR,1722593038
109,edinburgh of the seven seas,-37.0676,-12.3116,9.75,61,82,11.99,SH,1722593039
110,chokwe,-24.5333,32.9833,27.12,42,1,4.3,MZ,1722593040
111,puerto natales,-51.7236,-72.4875,1.91,98,100,1.31,CL,1722593043
112,lihue,21.9789,-159.3672,24.58,78,40,3.6,US,1722593044
113,labytnangi,66.6572,66.4183,23.96,54,55,6.93,RU,1722593045
114,nemuro,43.3236,145.575,16.51,89,65,3.94,JP,1722593046
115,badger,64.8,-147.5333,11.1,90,100,4.63,US,1722593048
116,avarua,-21.2078,-159.775,19.03,77,75,0.51,CK,1722593049
117,morant bay,17.8815,-76.4093,26.52,83,100,2.12,JM,1722593050
118,meizhou,24.2977,116.1072,32.7,64,2,0.71,CN,1722593051
119,roma,43.2128,-75.4557,20.96,99,0,1.54,US,1722593052
120,las tablas,7.7667,-80.2833,25.1,99,99,1.45,PA,1722593054
121,peniche,39.3558,-9.3811,22.89,80,11,7.95,PT,1722593055
122,bikin,46.8161,134.26,22.64,88,100,0.24,RU,1722593056
123,lincoln,40.8,-96.667,21.12,92,0,2.06,US,1722592600
124,invercargill,-46.4,168.35,1.68,94,5,1.24,NZ,1722592968
125,klyuchi,52.2667,79.1667,33.7,22,54,4.87,RU,1722593061
126,jamestown,42.097,-79.2353,21.68,98,100,0.0,US,1722593062
127,sola,-13.8833,167.55,25.37,94,100,3.09,VU,1722593063
128,udachny,66.4167,112.4,18.88,39,88,3.43,RU,1722593064
129,malango,-2.9627,119.9001,20.63,98,74,1.26,ID,1722593066
130,anadyr,64.75,177.4833,8.28,93,75,6.0,RU,1722593067
131,celarevo,45.2694,19.5253,33.31,32,99,6.41,RS,1722593068
132,minas de marcona,-15.2119,-75.1103,9.42,94,8,3.27,PE,1722593069
133,puerto baquerizo moreno,-0.9,-89.6,18.94,83,61,5.39,EC,1722593070
134,obo,5.3998,26.4869,28.41,64,88,1.4,CF,1722593072
135,pajara,28.3504,-14.1076,22.73,59,11,8.16,ES,1722593073
136,margaret river,-33.95,115.0667,11.63,68,67,1.39,AU,1722593074
137,langenargen,47.6,9.55,26.32,69,20,4.63,DE,1722593075
138,iqaluit,63.7506,-68.5145,4.85,75,75,2.57,CA,1722593077
139,ushuaia,-54.8,-68.3,1.81,100,100,1.03,AR,1722593078
140,kill devil hills,36.0307,-75.676,27.77,94,0,5.14,US,1722593079
141,ilhabela,-23.7781,-45.3581,18.81,94,16,2.22,BR,1722593080
142,hawaiian paradise park,19.5933,-154.9731,22.73,95,75,1.54,US,1722593082
143,longyearbyen,78.2186,15.6401,13.91,72,0,3.6,SJ,1722593084
144,lorengau,-2.0226,147.2712,27.76,81,49,3.22,PG,1722593085
145,opuwo,-18.0607,13.84,28.05,12,0,3.87,NA,1722593086
146,puerto ayora,-0.7393,-90.3518,18.68,90,41,3.56,EC,1722593087
147,diu,20.7141,70.9822,28.2,82,100,9.99,IN,1722593089
148,chui,-33.6971,-53.4616,16.6,78,52,5.11,UY,1722593090
149,coahuayana de hidalgo,18.7,-103.6583,24.73,89,98,1.42,MX,1722593091
150,kingston,17.997,-76.7936,25.65,94,97,1.14,JM,1722593092
151,eyl,7.9803,49.8164,33.33,41,90,13.7,SO,1722593094
152,tezpur,26.6333,92.8,29.31,78,97,1.6,IN,1722593095
153,mount gambier,-37.8333,140.7667,9.02,93,100,2.3,AU,1722593096
154,peterhead,57.5058,-1.7981,21.36,85,67,8.24,GB,1722593097
155,port-vila,-17.7338,168.3219,22.78,94,75,1.03,VU,1722592836
156,puerto armuelles,8.2833,-82.8667,23.38,92,100,0.45,PA,1722593100
157,tralee,52.2704,-9.7026,16.14,88,75,4.63,IE,1722593101
158,caraballeda,10.6112,-66.8522,26.87,79,40,2.06,VE,1722593102
159,freetown,8.484,-13.2299,25.05,88,100,3.49,SL,1722593103
160,praia da vitoria,38.7333,-27.0667,24.86,83,20,3.11,PT,1722593104
161,saldanha,-33.0117,17.9442,14.03,71,66,0.22,ZA,1722593106
162,fort st. john,56.2499,-120.8529,11.94,66,0,2.06,CA,1722592815
163,alaghsas,17.0187,8.0168,29.94,62,20,4.63,NE,1722593108
164,callao,-12.0667,-77.15,17.46,82,100,5.14,PE,1722593109
165,la almunia de dona godina,41.4767,-1.3745,25.33,51,2,6.17,ES,1722593111
166,talnakh,69.4865,88.3972,24.55,36,51,1.96,RU,1722593112
167,vilyuysk,63.7553,121.6247,19.2,43,19,0.4,RU,1722593114
168,saudarkrokur,65.7461,-19.6394,10.88,86,99,0.49,IS,1722593115
169,lazaro cardenas,17.9583,-102.2,24.7,93,100,2.78,MX,1722593117
170,douentza,14.9951,-2.9517,30.33,59,77,4.56,ML,1722593118
171,happy valley-goose bay,53.3168,-60.3315,10.17,87,100,3.6,CA,1722593119
172,pangody,65.85,74.4859,24.59,51,86,3.18,RU,1722593120
173,fort frances,48.5999,-93.4003,18.42,90,0,2.49,CA,1722593121
174,kasempa,-13.4584,25.8338,25.99,18,28,3.83,ZM,1722593123
175,linxia chengguanzhen,35.6003,103.2064,18.13,71,94,1.0,CN,1722593124
176,al kharj,24.155,47.3346,44.32,7,8,8.81,SA,1722593125
177,utrik,11.2278,169.8474,28.69,74,95,1.91,MH,1722593126
178,veinticinco de mayo,-35.4323,-60.1727,21.66,74,100,4.02,AR,1722593127
179,chimbote,-9.0853,-78.5783,16.54,88,70,2.52,PE,1722593129
180,codrington,-38.2667,141.9667,10.04,60,100,5.22,AU,1722593130
181,kamo,37.65,139.05,28.81,82,6,0.25,JP,1722593131
182,bardai,11.65,7.2333,25.56,73,98,6.08,NG,1722593134
183,aasiaat,68.7098,-52.8699,1.83,90,30,3.15,GL,1722593136
184,santa ana,33.7456,-117.8678,23.01,83,0,0.0,US,1722592825
185,alofi,-19.0595,-169.9187,20.94,83,20,2.06,NU,1722593139
186,georgetown,5.4112,100.3354,32.97,51,20,4.63,MY,1722593140
187,vilyuchinsk,52.9306,158.4028,19.15,89,100,4.18,RU,1722593141
188,strezhevoy,60.7333,77.5889,29.22,48,100,5.33,RU,1722593142
189,san juan de miraflores,-12.1629,-76.9635,16.6,87,65,3.26,PE,1722593143
190,cabo san lucas,22.8909,-109.9124,29.31,70,100,3.39,MX,1722592681
191,simpang,-1.2667,104.0833,32.29,52,50,2.57,ID,1722593146
192,de aar,-30.6497,24.0123,15.56,35,28,3.96,ZA,1722593147
193,ust-nera,64.5667,143.2,9.12,71,98,2.24,RU,1722593148
194,baie-comeau,49.2168,-68.1489,14.82,100,0,1.54,CA,1722593149
195,al bardiyah,31.7561,25.0865,29.66,48,0,6.85,LY,1722593151
196,caleta de carquin,-11.0925,-77.6267,16.26,87,48,3.82,PE,1722593152
197,khandyga,62.6667,135.6,12.34,72,77,1.8,RU,1722593153
198,orapa,-21.2833,25.3667,25.94,19,0,6.62,BW,1722593154
199,rumbek,6.802,29.6912,32.11,42,53,1.46,SS,1722593156
200,sour el ghozlane,36.1477,3.6912,36.61,15,42,3.73,DZ,1722593157
201,kurumkan,54.3,110.3,24.45,60,100,1.32,RU,1722593158
202,al kharijah,25.4514,30.5464,41.29,13,1,0.71,EG,1722593159
203,pisco,-13.7,-76.2167,16.12,88,100,0.51,PE,1722593160
204,amga,60.8953,131.9608,15.03,52,46,2.19,RU,1722593162
205,mil'kovo,55.6078,37.7956,21.34,60,81,5.71,RU,1722593163
206,mandalgovi,45.7625,106.2708,20.75,56,28,7.84,MN,1722593164
207,fortuna,40.5982,-124.1573,16.07,93,100,0.0,US,1722593165
208,ga-kgapane,-23.6333,30.2167,24.84,32,0,2.44,ZA,1722593167
209,kununurra,-15.7667,128.7333,26.99,39,1,2.57,AU,1722593168
210,mejit,10.2753,170.8646,28.35,74,23,1.29,MH,1722593169
211,guerrero negro,27.9769,-114.0611,20.6,79,72,3.22,MX,1722593170
212,yicheng,31.3705,119.8703,32.8,68,76,1.15,CN,1722593016
213,geraldton,-28.7667,114.6,14.23,67,77,4.12,AU,1722593173
214,san clemente del tuyu,-36.3569,-56.7235,14.5,84,100,8.64,AR,1722593174
215,rakitovo,41.9833,24.0833,29.8,23,0,3.53,BG,1722593175
216,richards bay,-28.783,32.0377,27.48,34,87,3.27,ZA,1722593176
217,suonenjoki,62.6167,27.1333,21.04,59,91,3.85,FI,1722593177
218,namtsy,62.7161,129.6658,17.66,36,4,0.51,RU,1722593179
219,benguela,-12.5763,13.4055,23.67,67,7,3.87,AO,1722593180
220,hargeysa,9.56,44.065,26.67,44,86,9.35,SO,1722593181
221,cadale,2.7603,46.3222,26.97,71,51,10.96,SO,1722593182
222,dudinka,69.4058,86.1778,24.18,39,39,1.98,RU,1722593184
223,piacabucu,-10.4056,-36.4344,23.94,70,8,4.35,BR,1722593185
224,mezhdurechensk,53.6942,88.0603,28.83,43,43,1.75,RU,1722593186
225,colares,38.7992,-9.4469,25.61,74,40,8.75,PT,1722593187
226,lompoc,34.6391,-120.4579,13.41,96,100,1.54,US,1722593188
227,howrah,22.5892,88.3103,30.61,100,100,5.66,IN,1722593190
228,east london,-33.0153,27.9116,14.52,88,100,5.66,ZA,1722593191
229,ugoofaaru,5.6667,73.0,28.66,75,85,4.19,MV,1722593192
230,mirny,62.5353,113.9611,18.71,39,93,1.82,RU,1722593002
231,turkmenbasy,40.0222,52.9552,33.43,31,0,4.12,TM,1722593194
232,bermeo,43.4209,-2.7215,22.67,82,93,3.9,ES,1722593196
233,sur,22.5667,59.5289,38.61,42,100,3.3,OM,1722593197
234,mana,5.6592,-53.7767,23.49,89,8,2.63,GF,1722593198
235,isangel,-19.55,169.2667,20.6,89,100,8.58,VU,1722593199
236,el alto,-4.2714,-81.2147,17.32,83,6,3.24,PE,1722593201
237,dawson creek,55.7666,-120.2362,7.97,81,45,1.29,CA,1722593202
238,tolanaro,-25.0319,46.9987,22.67,60,5,4.03,MG,1722593203
239,afaahiti,-17.75,-149.2833,18.93,68,16,5.96,PF,1722593204
240,bulan,12.6667,123.9333,27.86,81,98,1.43,PH,1722593205
241,horta,38.5333,-28.6333,25.01,80,20,3.58,PT,1722593207
242,itaparica,-12.8883,-38.6786,24.96,85,50,4.87,BR,1722593208
243,alotau,-10.3069,150.4462,22.62,95,100,2.51,PG,1722593209
244,carrigaline,51.8117,-8.3986,19.86,77,75,7.72,IE,1722593210
245,chibougamau,49.9168,-74.3659,16.25,97,10,1.73,CA,1722593212
246,port lincoln,-34.7333,135.8667,11.42,73,20,3.32,AU,1722593213
247,badiyah,22.45,58.8,41.54,23,100,4.82,OM,1722593214
248,mogadishu,2.0371,45.3438,27.93,78,75,8.23,SO,1722593155
249,nikol'sk,53.7189,46.0712,19.33,65,92,4.97,RU,1722593216
250,itoman,26.1247,127.6694,31.21,81,20,5.14,JP,1722593218
251,tazacorte,28.629,-17.9293,25.08,78,20,7.72,ES,1722593219
252,queenstown,-31.8976,26.8753,17.29,48,3,6.13,ZA,1722592538
253,suva,-18.1416,178.4415,22.71,100,75,1.54,FJ,1722593221
254,lebu,-37.6167,-73.65,10.16,94,78,4.69,CL,1722593222
255,turtas,58.9417,69.1325,25.86,45,59,3.26,RU,1722593224
256,dhidhdhoo,6.8833,73.1,28.42,77,100,5.08,MV,1722593225
257,port moresby,-9.4431,147.1797,23.8,86,38,8.9,PG,1722593226
258,arteche,12.2645,125.4048,26.44,87,100,0.67,PH,1722593227
259,deniliquin,-35.5333,144.9667,9.96,62,95,3.15,AU,1722593228
260,sao bento,-6.2833,-37.75,20.55,68,1,5.2,BR,1722593230
261,atafu village,-8.5421,-172.5159,28.23,72,32,7.39,TK,1722593231
262,livingstonia,-10.606,34.1063,20.72,40,29,2.63,MW,1722593232
263,cidreira,-30.1811,-50.2056,14.86,94,7,5.89,BR,1722593233
264,severo-yeniseyskiy,60.3725,93.0408,16.37,86,99,1.68,RU,1722593234
265,crane,31.3974,-102.3501,26.55,42,0,5.37,US,1722593236
266,korla,41.7597,86.1469,35.98,18,0,3.63,CN,1722593237
267,shushenskoye,53.325,91.9356,28.57,44,9,1.57,RU,1722593238
268,vila velha,-20.3297,-40.2925,19.41,85,20,1.54,BR,1722593239
269,carolina,18.3808,-65.9574,26.94,89,100,1.54,PR,1722593241
270,la reforma,25.0833,-108.05,27.44,80,96,1.58,MX,1722593242
271,malaya vishera,58.8454,32.2222,20.01,68,95,1.64,RU,1722593243
272,lusambo,-4.9667,23.45,37.79,11,5,1.12,CD,1722593244
273,novaya igirma,57.1334,103.9112,21.75,54,91,1.43,RU,1722593246
274,newman,37.3138,-121.0208,25.16,38,100,2.06,US,1722593247
275,saint-joseph,-21.3667,55.6167,25.26,61,11,4.35,RE,1722593248
276,xianyang,34.3378,108.7026,37.14,42,5,3.91,CN,1722593249
277,zhanaozen,43.3,52.8,31.9,21,32,1.94,KZ,1722593250
278,enumclaw,47.2043,-121.9915,19.67,91,31,1.56,US,1722593152
279,manaure,11.7751,-72.4445,25.89,83,100,2.11,CO,1722593253
280,hermanus,-34.4187,19.2345,15.45,69,64,3.32,ZA,1722593255
281,saipan,15.1355,145.701,28.39,89,75,2.57,MP,1722593256
282,safotu,-13.4513,-172.4018,26.42,80,54,8.82,WS,1722593258
283,bathsheba,13.2167,-59.5167,28.34,83,20,2.06,BB,1722593259
284,mitchell,43.7094,-98.0298,19.99,91,0,2.06,US,1722593260
285,haiku-pauwela,20.9219,-156.3051,22.92,82,75,4.12,US,1722593261
286,constantia,44.1833,28.65,34.38,49,6,7.67,RO,1722593263
287,chincholi,17.4667,77.4333,28.46,70,100,9.14,IN,1722593264
288,alesund,62.4723,6.1549,19.51,67,0,5.14,NO,1722593265
289,longwy,49.5194,5.7688,24.34,74,37,1.34,FR,1722593267
290,sorong,-0.8833,131.25,26.61,84,73,3.83,ID,1722593269
291,darovskoy,58.77,47.9564,23.1,51,95,1.84,RU,1722593270
292,uturoa,-16.7333,-151.4333,23.68,63,18,6.15,PF,1722593271
293,laguna,38.421,-121.4238,23.63,60,0,2.06,US,1722593272
294,whitehorse,60.7161,-135.0538,8.78,70,38,0.89,CA,1722593274
295,northam,51.0333,-4.2167,20.22,72,39,5.78,GB,1722593275
296,conception bay south,47.4999,-52.9981,21.53,98,100,3.6,CA,1722593276
297,iskateley,67.6803,53.1512,24.41,46,66,7.77,RU,1722593277
298,cidade velha,14.9167,-23.6167,25.16,72,90,3.3,CV,1722593278
299,as sulayyil,20.4607,45.5779,43.14,9,24,4.49,SA,1722593280
300,mary,37.0,62.5,41.23,9,1,7.81,TM,1722593281
301,ketchikan,55.3422,-131.6461,14.26,72,0,3.09,US,1722593282
302,holualoa,19.6228,-155.9522,21.42,90,89,2.02,US,1722593283
303,saint-pierre,-21.3393,55.4781,25.87,53,0,3.6,RE,1722593285
304,kashgar,39.4547,75.9797,35.43,19,55,2.05,CN,1722593286
305,greenbrier,36.4276,-86.8047,25.24,99,100,1.54,US,1722593287
306,goundam,16.4145,-3.6708,32.22,50,42,6.58,ML,1722593288
307,glace bay,46.1969,-59.957,22.87,95,75,5.14,CA,1722593289
308,balaka,-14.9793,34.9558,26.89,24,0,2.11,MW,1722593291
309,bigadic,39.3925,28.1311,30.55,26,0,3.7,TR,1722593292
310,muravlenko,63.7898,74.523,23.31,59,98,6.46,RU,1722593293
311,shingu,33.7333,135.9833,26.91,85,25,1.73,JP,1722593294
312,polyarnyy,69.1989,33.4478,13.0,78,20,6.59,RU,1722593295
313,port douglas,-16.4833,145.4667,20.51,83,25,6.32,AU,1722593297
314,sassnitz,54.5167,13.65,21.56,61,100,2.65,DE,1722593298
315,ben gardane,33.1378,11.2197,36.25,21,0,2.44,TN,1722593299
316,ryotsu-minato,38.0833,138.4333,25.59,83,8,1.13,JP,1722593300
317,undurkhaan,47.3194,110.6556,22.03,71,59,2.44,MN,1722593302
318,ancud,-41.8697,-73.8203,9.48,90,96,5.9,CL,1722593303
319,huarmey,-10.0681,-78.1522,16.65,88,36,2.59,PE,1722593304
320,kerman,30.2832,57.0788,36.82,10,5,3.19,IR,1722593305
321,thinadhoo,0.5333,72.9333,28.71,76,100,4.25,MV,1722593307
322,vorgashor,67.5833,63.95,24.12,49,74,5.46,RU,1722593308
323,bafoulabe,13.8065,-10.8321,27.55,83,97,4.26,ML,1722593309
324,timimoun,29.2639,0.231,40.11,10,0,5.44,DZ,1722593310
325,tsarychanka,48.937,34.4786,30.89,19,6,6.11,UA,1722593311
326,kirby,29.4633,-98.3856,26.84,86,75,3.09,US,1722593313
327,kailua-kona,19.6406,-155.9956,23.49,91,86,2.13,US,1722593314
328,quchan,37.106,58.5095,30.23,37,0,8.52,IR,1722593315
329,howard springs,-12.497,131.047,27.77,60,10,2.38,AU,1722593317
330,porto novo,6.4965,2.6036,27.53,70,100,4.49,BJ,1722593319
331,la passe,45.5549,-0.8967,25.79,69,0,5.25,FR,1722593320
332,vorkuta,67.5,64.0,24.5,47,91,5.55,RU,1722593100
333,muisne,0.6,-80.0333,23.79,87,100,3.91,EC,1722593322
334,villa vicente guerrero,19.1194,-98.1708,11.23,89,83,2.43,MX,1722593323
335,mazagao,-0.115,-51.2894,24.03,98,40,0.92,BR,1722593325
336,taroa,8.7058,171.2275,28.15,72,3,0.85,MH,1722593326
337,ouani,-12.1322,44.4258,25.96,68,6,5.55,KM,1722593327
338,coquimbo,-29.9533,-71.3436,11.85,100,100,3.6,CL,1722593328
339,poso,-1.3959,120.7524,26.74,79,38,0.16,ID,1722593329
340,burela de cabo,43.65,-7.4,18.78,72,46,2.01,ES,1722593331
341,bria,6.5423,21.9863,30.31,58,27,1.17,CF,1722593332
342,necochea,-38.5473,-58.7368,19.42,73,100,8.06,AR,1722593333
343,columbia,34.0007,-81.0348,27.0,93,20,0.0,US,1722592884
344,sihanoukville,10.6093,103.5296,29.97,79,40,3.6,KH,1722593335
345,dali,25.7,100.1833,24.66,63,30,3.14,CN,1722593337
346,blenheim,-41.516,173.9528,0.29,90,1,2.53,NZ,1722593180
347,ambon,-3.6954,128.1814,26.6,95,40,4.63,ID,1722593339
348,krapivinskiy,54.9992,86.8133,28.45,50,87,2.39,RU,1722593340
349,mangochi,-14.4782,35.2645,27.14,27,0,3.91,MW,1722593341
350,guixi,28.2886,117.2133,34.8,60,46,1.57,CN,1722593343
351,padang,-0.9492,100.3543,30.03,85,68,2.47,ID,1722593344
352,kilindoni,-7.9139,39.6668,24.75,73,25,7.41,TZ,1722593345
353,aykhal,66.0,111.5,17.76,44,100,3.92,RU,1722593346
354,moree,-29.4667,149.85,10.03,67,0,3.9,AU,1722593348
355,dedovichi,57.5517,29.9502,17.92,80,100,4.82,RU,1722593349
356,geneina,13.45,22.45,27.14,63,46,4.28,SD,1722593350
357,zabid,14.1951,43.3152,32.19,57,91,10.33,YE,1722593351
358,eastbourne,50.7687,0.2845,22.93,83,28,1.34,GB,1722593352
359,bomdila,27.25,92.4,12.68,96,98,1.54,IN,1722593354
360,dickinson,29.4608,-95.0513,27.85,92,40,1.54,US,1722593355
361,ta`u,-14.2336,-169.5144,25.94,71,31,8.36,AS,1722593357
362,bredasdorp,-34.5322,20.0403,14.64,63,52,3.0,ZA,1722593358
363,iaciara,-14.0958,-46.6317,19.48,65,0,1.81,BR,1722593359
364,cartagena,10.3997,-75.5144,26.72,87,97,2.59,CO,1722593361
365,cam ranh,11.9214,109.1591,32.98,52,20,3.09,VN,1722593362
366,douz,33.4663,9.0203,40.15,13,0,4.75,TN,1722593363
367,kirensk,57.7853,108.1119,21.7,48,52,0.9,RU,1722593364
368,nuku'alofa,-21.1333,-175.2,19.19,94,20,2.57,TO,1722593366
369,dunedin,-45.8742,170.5036,3.22,93,19,0.45,NZ,1722593301
370,suntar,62.1444,117.6319,19.9,44,100,1.58,RU,1722593368
371,donnacona,46.6804,-71.7239,22.32,99,37,1.79,CA,1722593369
372,woodward,36.4337,-99.3904,24.57,79,40,1.54,US,1722593370
373,grand island,40.925,-98.342,20.16,90,0,2.06,US,1722593372
374,suomussalmi,64.8869,28.9078,18.11,77,100,3.98,FI,1722593373
375,reynosa,26.0833,-98.2833,27.21,91,0,2.06,MX,1722593151
376,olyokminsk,60.3736,120.4264,19.5,41,100,1.35,RU,1722593375
377,port isabel,26.0734,-97.2086,27.79,91,0,1.54,US,1722593376
378,yekaterinoslavka,50.3734,129.1139,23.16,56,39,1.79,RU,1722593378
379,amursk,50.2261,136.8994,18.62,72,6,5.15,RU,1722593379
380,maitum,6.0392,124.4986,27.28,82,15,1.55,PH,1722593380
381,bununu,9.8681,9.6628,26.71,69,100,2.5,NG,1722593381
382,kontagora,10.3999,5.4695,25.24,81,100,3.42,NG,1722593382
383,spring creek,40.7266,-115.5859,19.61,21,88,2.28,US,1722593385
384,rizhao,35.4275,119.4553,29.76,84,65,3.71,CN,1722593386
385,binuangan,8.9153,124.7883,24.12,75,100,2.17,PH,1722593388
386,hope,33.6671,-93.5916,26.03,76,51,2.5,US,1722593391
387,new norfolk,-42.7826,147.0587,10.4,82,86,1.37,AU,1722593392
388,riscani,47.9572,27.5539,29.94,33,47,2.2,MD,1722593393
389,miracema,-21.4122,-42.1967,14.86,92,0,0.13,BR,1722593395
390,america dourada,-11.4553,-41.4361,17.63,78,100,4.47,BR,1722593396
391,alavus,62.5833,23.6167,17.41,98,100,1.27,FI,1722593397
392,atherton,53.5237,-2.4935,22.16,65,19,2.24,GB,1722593399
393,rio grande,-32.035,-52.0986,14.41,92,58,6.6,BR,1722593400
394,kawambwa,-9.7915,29.0791,29.11,16,0,1.64,ZM,1722593402
395,harper,4.375,-7.7169,24.91,81,99,4.68,LR,1722593403
396,neiafu,-18.65,-173.9833,24.44,74,99,7.01,TO,1722593404
397,sisimiut,66.9395,-53.6735,7.41,71,3,1.26,GL,1722593406
398,altay,47.8667,88.1167,30.72,20,9,2.83,CN,1722593407
399,imbituba,-28.24,-48.6703,19.36,95,24,6.28,BR,1722593408
400,pinehurst,35.1954,-79.4695,26.44,91,0,2.06,US,1722593409
401,zomba,-15.386,35.3188,24.62,27,0,2.68,MW,1722593410
402,bousso,10.4795,16.7117,30.07,59,97,3.05,TD,1722593412
403,iwon-up,40.3231,128.6553,25.85,89,68,3.11,KP,1722593413
404,south venice,27.0531,-82.4243,25.7,95,0,4.12,US,1722593414
405,huayacocotla,20.55,-98.4833,13.05,95,99,0.32,MX,1722593415
406,an nuhud,12.7,28.4333,30.26,48,55,6.62,SD,1722593417
407,luderitz,-26.6481,15.1594,21.12,32,0,3.65,NA,1722593418
408,gobabis,-22.45,18.9667,22.82,13,33,2.28,NA,1722593419
409,sambava,-14.2667,50.1667,25.67,52,0,7.25,MG,1722593420
410,coatesville,39.9832,-75.8238,25.03,95,0,0.0,US,1722593421
411,san antonio de pale,-1.4014,5.6325,22.33,81,45,5.06,GQ,1722593423
412,melekeok village,7.4957,134.6367,28.31,78,75,2.57,PW,1722593424
413,mariehamn,60.0973,19.9348,17.92,72,100,4.63,AX,1722593425
414,vila franca do campo,37.7167,-25.4333,23.23,72,88,1.4,PT,1722593426
415,namibe,-15.1961,12.1522,21.85,69,15,3.93,AO,1722593427
416,kalymnos,36.95,26.9833,30.74,48,0,5.14,GR,1722593429
417,nicoya,10.1483,-85.452,22.84,97,99,0.95,CR,1722593430
418,fuling,29.7022,107.3919,34.67,64,26,1.03,CN,1722593431
419,kharan,28.5833,65.4167,40.53,8,100,7.21,PK,1722593432
420,ola,59.5833,151.2833,9.21,87,100,5.2,RU,1722593433
421,khenifra,32.9333,-5.6667,32.19,25,2,1.18,MA,1722593435
422,monze,-16.2833,27.4833,24.82,27,10,3.23,ZM,1722593436
423,vanadzor,40.8046,44.4939,18.18,94,100,2.71,AM,1722593437
424,arno,60.1167,18.6333,15.99,62,90,4.73,SE,1722593438
425,beira,-19.8436,34.8389,24.69,53,86,2.47,MZ,1722593440
426,cannonvale,-20.2833,148.7,18.66,72,0,7.25,AU,1722593441
427,ialibu,-6.2821,143.9935,14.91,99,100,0.25,PG,1722593442
428,port saint john's,-31.6229,29.5448,21.7,56,36,7.66,ZA,1722593443
429,kitimat,54.0524,-128.6534,12.05,27,78,0.89,CA,1722593444
430,palmas de monte alto,-14.2672,-43.1619,21.36,62,80,3.46,BR,1722593446
431,yigo village,13.5361,144.8886,24.62,98,100,4.63,GU,1722593447
432,cedeira,43.6797,-8.0209,20.55,77,10,2.85,ES,1722593448
433,itaituba,-4.2761,-55.9836,20.61,66,7,0.22,BR,1722593449
434,kupang,-10.1667,123.5833,29.32,65,20,7.2,ID,1722593402
435,rongelap,11.1635,166.8941,28.61,78,10,3.54,MH,1722593452
436,cullowhee,35.3137,-83.1765,22.95,97,40,0.0,US,1722593453
437,thunder bay,48.4001,-89.3168,18.04,61,0,3.37,CA,1722593454
438,kalmunai,7.4167,81.8167,30.47,69,98,2.98,LK,1722593455
439,hirtshals,57.5881,9.9592,18.73,59,25,2.44,DK,1722593457
440,shimoda,34.6667,138.95,26.72,87,10,2.43,JP,1722593458
441,mount isa,-20.7333,139.5,15.87,48,0,2.06,AU,1722593459
442,kyren,51.6828,102.1408,21.84,66,100,1.34,RU,1722593460
443,moeiwadi,16.3894,104.1572,26.58,88,100,2.54,TH,1722593461
444,arraial do cabo,-22.9661,-42.0278,18.92,82,0,2.06,BR,1722593464
445,tarawa,1.419,172.984,28.05,83,75,2.57,KI,1722593465
446,maracacume,-2.0428,-45.9592,22.18,96,30,1.08,BR,1722593466
447,rundu,-17.9333,19.7667,29.8,11,0,4.73,NA,1722593468
448,khobi,42.3156,41.8987,27.04,61,46,3.68,GE,1722593469
449,acajutla,13.5928,-89.8275,26.61,68,91,2.24,SV,1722593470
450,viransehir,37.2353,39.7631,39.9,12,0,1.78,TR,1722593471
451,hammerfest,70.6634,23.6821,16.25,77,0,2.57,NO,1722593473
452,kyzyl-suu,42.3414,78.0056,23.56,44,61,4.65,KG,1722593474
453,katsuren-haebaru,26.3369,127.8719,31.21,75,0,4.12,JP,1722593475
454,volchikha,52.0333,80.3833,33.48,23,23,5.04,RU,1722593476
455,gizo,-8.103,156.8419,27.02,84,98,7.63,SB,1722593477
456,christchurch,-43.5333,172.6333,3.3,86,0,2.06,NZ,1722593323
457,piat,17.7905,121.478,27.52,88,33,2.65,PH,1722593480
458,karratha,-20.7377,116.8463,21.25,78,100,4.09,AU,1722593481
459,nadi,-17.8,177.4167,23.0,88,20,0.51,FJ,1722593482
460,nizhnyaya omka,55.4338,74.9426,28.35,53,98,2.58,RU,1722593483
461,kenai,60.5544,-151.2583,15.05,79,20,8.23,US,1722593485
462,alamogordo,32.8995,-105.9603,26.79,47,20,2.06,US,1722593486
463,tabou,4.423,-7.3528,24.77,83,98,4.59,CI,1722593487
464,el calafate,-50.3408,-72.2768,2.01,99,100,1.1,AR,1722593488
465,hope mills,34.9704,-78.9453,27.16,93,0,2.57,US,1722593489
466,lashkar gah,31.5938,64.3716,43.79,6,56,3.44,AF,1722593491
467,san bernardo del viento,9.3533,-75.9524,25.27,85,100,3.21,CO,1722593492
468,shumen,43.2706,26.9229,34.11,18,0,4.04,BG,1722593493
469,hohhot,40.8106,111.6522,23.28,64,100,1.39,CN,1722593494
470,vadso,70.0744,29.7487,14.09,88,40,5.66,NO,1722593496
471,grand falls-windsor,48.9332,-55.6649,21.39,91,100,1.79,CA,1722593497
472,wanning,18.8003,110.3967,30.57,72,49,4.99,CN,1722593498
473,brokopondo,4.75,-55.1667,24.03,88,29,1.61,SR,1722593499
474,nema,57.5067,50.5011,20.31,75,97,1.91,RU,1722593500
475,leua,48.2156,18.6071,23.05,60,100,2.15,SK,1722593502
476,karamay,45.6004,84.8661,36.33,16,41,3.05,CN,1722593503
477,fort bragg,35.139,-79.006,26.06,95,26,2.37,US,1722593504
478,narasannapeta,18.4167,84.05,31.92,60,100,3.91,IN,1722593505
479,nova olimpia,-14.7972,-57.2881,22.15,43,0,2.04,BR,1722593507
480,burang,30.25,81.1667,13.98,68,96,3.29,CN,1722593508
481,lukoyanov,55.0277,44.4786,17.05,80,100,6.48,RU,1722593509
482,virginia beach,36.8529,-75.978,27.24,94,40,2.57,US,1722593343
483,kapuskasing,49.4169,-82.4331,18.44,89,100,2.39,CA,1722593511
484,cox's bazar,21.4532,91.9798,25.79,92,100,7.31,BD,1722593513
485,chernyshevskiy,63.0128,112.4714,18.93,36,7,1.77,RU,1722593515
486,taulaga,-11.0553,-171.0883,27.29,74,14,7.21,AS,1722593516
487,ruteng,-8.6136,120.4721,17.88,99,97,0.21,ID,1722593517
488,hat yai,7.0084,100.4767,32.1,70,75,3.6,TH,1722593519
489,icano,-28.9193,-65.3282,20.05,47,32,3.14,AR,1722593520
490,gorontalo,0.5412,123.0595,25.85,79,11,1.79,ID,1722593400
491,quepos,9.4236,-84.1652,24.35,89,99,1.49,CR,1722593522
492,aginskoye,51.1,114.53,25.91,18,56,3.05,RU,1722593523
493,medina de rioseco,41.8833,-5.0441,23.58,47,0,4.48,ES,1722593525
494,kostomuksha,64.571,30.5767,15.33,93,100,3.75,RU,1722593526
495,zykovo,55.9519,93.1461,24.41,51,79,0.46,RU,1722593527
496,aksu,41.1231,80.2644,36.02,21,96,4.39,CN,1722593528
497,prado,-17.3411,-39.2208,20.6,92,49,2.63,BR,1722593529
498,kombissiri,12.0656,-1.3375,27.62,71,92,6.48,BF,1722593532
499,san jose de jachal,-30.2406,-68.7469,15.84,21,2,4.34,AR,1722593533
500,masterton,-40.9597,175.6575,7.28,89,100,1.69,NZ,1722593427
501,arkhangel'sk,64.5401,40.5433,21.06,83,40,3.0,RU,1722593536
502,ginir,7.1333,40.7,22.85,47,61,3.33,ET,1722593537
503,nabulao,9.6616,122.4577,27.13,82,45,1.46,PH,1722593538
504,villamontes,-21.25,-63.5,14.0,82,0,2.42,BO,1722593540
505,severobaykal'sk,55.65,109.3167,16.61,71,77,1.21,RU,1722593542
506,kristiansund,63.1115,7.732,19.03,76,0,4.63,NO,1722593543
507,bacalar,18.6667,-88.3833,23.58,98,99,0.84,MX,1722593544
508,makubetsu,45.3714,141.8211,21.23,99,100,4.34,JP,1722593545
509,sequeira,40.5536,-7.2259,24.39,45,1,3.31,PT,1722593547
510,arroyo,41.6096,-4.7969,23.97,56,0,5.14,ES,1722593548
511,crucecita,-28.95,-58.9833,25.22,38,4,9.12,AR,1722593549
512,atencingo,18.5167,-98.6,17.5,82,98,1.36,MX,1722593550
513,that phanom,16.9364,104.7104,25.48,92,100,1.99,TH,1722593551
514,sarupathar,26.1984,93.8094,27.56,91,97,2.42,IN,1722593553
515,farim,12.4839,-15.2217,26.4,82,96,2.34,GW,1722593554
516,tembisa,-25.9964,28.2268,17.77,69,45,2.06,ZA,1722593555
517,bredy,52.4153,60.3411,22.15,57,36,4.42,RU,1722593556
518,nowy dwor mazowiecki,52.4302,20.7165,26.74,50,40,2.57,PL,1722593558
519,tanjung selor,2.8372,117.3642,25.84,95,60,1.04,ID,1722593559
520,keflavik,64.0049,-22.5624,11.95,82,0,6.17,IS,1722593560
521,huinan,42.6225,126.2614,24.38,92,27,2.32,CN,1722593561
522,quellon,-43.1167,-73.6167,8.71,93,88,5.31,CL,1722593562
523,minas novas,-17.2186,-42.5903,13.8,91,9,0.93,BR,1722593564
524,butterworth,5.3991,100.3638,32.02,66,20,4.63,MY,1722593565
525,lisala,2.15,21.5167,35.32,35,44,1.01,CD,1722593566
526,saint-francois,46.4154,3.9054,27.03,78,75,1.54,FR,1722593567
527,ust-tsilma,65.441,52.1498,24.54,47,42,2.58,RU,1722593568
528,sidney,-33.8679,151.2073,11.46,85,24,0.45,AU,1722593297
529,yakakent,41.6325,35.5289,27.19,58,0,5.73,TR,1722593571
530,kintinku,-5.8833,35.2333,28.64,24,45,3.36,TZ,1722593572
531,wanganui,-39.9333,175.05,5.31,89,7,2.99,NZ,1722593573
532,tshikapa,-6.4167,20.8,36.51,11,6,2.17,CD,1722593574
533,iten,0.6765,35.5136,17.96,66,86,2.4,KE,1722593576
534,bodaybo,57.8506,114.1933,15.28,91,100,0.64,RU,1722593578
535,puerto penasco,31.3167,-113.5333,31.06,78,3,2.24,MX,1722593579
536,kamina,-8.7386,24.9906,30.76,12,0,2.76,CD,1722593580
537,nantucket,41.2835,-70.0995,22.22,96,100,2.06,US,1722593582
538,al mahwit,15.4701,43.5448,15.21,92,84,4.07,YE,1722593583
539,grantsville,40.5999,-112.4644,23.81,24,0,3.6,US,1722593584
540,gadzhiyevo,69.2551,33.3362,12.61,79,21,6.78,RU,1722593585
541,maputo,-25.9653,32.5892,26.02,46,0,7.25,MZ,1722593587
542,kuala tungkal,-0.8167,103.4667,29.8,70,66,3.21,ID,1722593588
543,port augusta,-32.5,137.7667,13.68,37,94,0.68,AU,1722593589
544,colby,39.3958,-101.0524,21.67,72,0,2.68,US,1722593590
545,yuzhno-kurilsk,44.0306,145.8556,15.97,94,60,3.0,RU,1722593591
546,badr hunayn,23.7829,38.7905,41.54,21,10,8.03,SA,1722593593
547,kabalo,-6.05,26.9167,34.14,16,4,3.16,CD,1722593594
548,tsiombe,-25.3,45.4833,24.36,47,48,3.49,MG,1722593596
549,gao,16.6362,1.637,31.83,47,12,6.15,ML,1722593598
550,nueva gerona,21.8833,-82.8,28.07,77,51,6.0,CU,1722593599
551,ardakan,32.31,54.0175,41.61,9,47,1.97,IR,1722593600
552,al bawiti,28.3492,28.8659,36.86,19,0,2.76,EG,1722593601
553,puerto aysen,-45.4,-72.7,5.57,100,100,1.22,CL,1722593603
554,balcarce,-37.8462,-58.2552,18.23,87,100,1.79,AR,1722593604
555,baiti,13.745,-14.7482,27.87,67,100,4.14,SN,1722593605
556,sudak,44.85,34.9667,25.46,40,13,3.02,UA,1722593499
557,mehran,33.1222,46.1646,43.92,8,0,11.29,IR,1722593607
558,dombarovskiy,50.7587,59.5386,26.31,33,58,8.17,RU,1722593609
559,brigantine,39.4101,-74.3646,23.97,95,42,2.72,US,1722593610
560,west bay,19.3667,-81.4167,26.71,92,93,6.3,KY,1722593611
561,barra de santo antonio,-9.4047,-35.5072,21.6,65,100,4.19,BR,1722593612
562,amherstburg,42.1168,-83.0499,23.3,90,100,2.06,CA,1722593614
563,st. john's,47.5649,-52.7093,21.66,96,100,6.17,CA,1722593615
564,wellington,-41.2866,174.7756,8.81,83,75,8.23,NZ,1722593581
565,caruthersville,36.1931,-89.6556,25.53,90,0,3.29,US,1722593617
